n_decks,P1,P2,tricks_wins,tricks_ties,cards_wins,cards_ties
5000000,000,001,2021279,772083,2359682,99471
5000000,000,010,1057598,617691,1385326,81211
5000000,000,011,563046,589500,879933,100050
5000000,000,100,5657,20185,73,37
5000000,000,101,838593,690241,1260514,106562
5000000,000,110,41555,122525,47270,12923
5000000,000,111,1625892,1748007,2427985,144336
5000000,001,000,2206638,772083,2540847,99471
5000000,001,010,4005306,414310,4315584,65647
5000000,001,011,4414082,327017,4778223,41688
5000000,001,100,131844,192201,9555,2440
5000000,001,101,3962061,471719,4588275,69838
5000000,001,110,2046587,906797,2388131,221237
5000000,001,111,4836130,122052,4939776,12987
5000000,010,000,3324711,617691,3533463,81211
5000000,010,001,580384,414310,618769,65647
5000000,010,011,2159583,682565,2429546,143252
5000000,010,100,2117195,671080,2100202,108442
5000000,010,101,2031895,936970,2442750,119396
5000000,010,110,566191,472073,340909,69179
5000000,010,111,3471397,688707,3632126,106913
5000000,011,000,3847454,589500,4020017,100050
5000000,011,001,258901,327017,180089,41688
5000000,011,010,2157852,682565,2427202,143252
5000000,011,100,2157531,683836,2427897,143003
5000000,011,101,2208119,673333,2789118,108963
5000000,011,110,4676463,192417,4987946,2404
5000000,011,111,4974268,20106,4999917,32
5000000,100,000,4974158,20185,4999890,37
5000000,100,001,4675955,192201,4988005,2440
5000000,100,010,2211725,671080,2791356,108442
5000000,100,011,2158633,683836,2429100,143003
5000000,100,101,2157592,684863,2428330,142866
5000000,100,110,259214,326313,178927,41927
5000000,100,111,3845634,591332,4019097,99854
5000000,101,000,3471166,690241,3632924,106562
5000000,101,001,566220,471719,341887,69838
5000000,101,010,2031135,936970,2437854,119396
5000000,101,011,2118548,673333,2101919,108963
5000000,101,100,2157545,684863,2428804,142866
5000000,101,110,580629,414205,619424,65877
5000000,101,111,3323539,618225,3532676,81146
5000000,110,000,4835920,122525,4939807,12923
5000000,110,001,2046616,906797,2390632,221237
5000000,110,010,3961736,472073,4589912,69179
5000000,110,011,131120,192417,9650,2404
5000000,110,100,4414473,326313,4779146,41927
5000000,110,101,4005166,414205,4314699,65877
5000000,110,111,2206004,771660,2540843,99773
5000000,111,000,1626101,1748007,2427679,144336
5000000,111,001,41818,122052,47237,12987
5000000,111,010,839896,688707,1260961,106913
5000000,111,011,5626,20106,51,32
5000000,111,100,563034,591332,881049,99854
5000000,111,101,1058236,618225,1386178,81146
5000000,111,110,2022336,771660,2359384,99773
